<?xml version="1.0" encoding="UTF-8" standalone="no"?>
<!-- Generated Feb 13, 2024, 10:32:51 AM by Hibernate Tools 6.1.3.Final --><!DOCTYPE hibernate-mapping PUBLIC "-//Hibernate/Hibernate Mapping DTD 3.0//EN" "http://www.hibernate.org/dtd/hibernate-mapping-3.0.dtd">
<hibernate-mapping>
    <class catalog="soa" name="th.ac.ku.kps.eng.cpe.entity.Customer" optimistic-lock="none" table="customer">
        <id name="cusId" type="java.lang.Integer">
            <column name="CUS_ID"/>
            <generator class="identity"/>
        </id>
        <property name="name" type="string">
            <column length="255" name="NAME"/>
        </property>
        <set fetch="select" inverse="true" lazy="false" name="phonenumbers" table="phonenumber">
            <key>
                <column name="CUS_ID"/>
            </key>
            <one-to-many class="th.ac.ku.kps.eng.cpe.entity.Phonenumber"/>
        </set>
    </class>
</hibernate-mapping>
